﻿<?xml version="1.0" standalone="yes"?>
<CompletionDS xmlns="http://tempuri.org/CompletionDS.xsd">
  <Environments>
    <!-- Environment for options (todo: should we have the \, ? )-->
    <StartTag>\,|\[</StartTag>
    <EndTag>\]</EndTag>
    <ID>1</ID>
    <Snippets>
      <Text>minimum size</Text>
      <environment>1</environment>
    </Snippets>
    <Snippets>
      <Text>minimum width</Text>
      <environment>1</environment>
    </Snippets>
    <Snippets>
      <Text>minimum height</Text>
      <environment>1</environment>
    </Snippets>
    <Snippets>
      <Text>draw</Text>
      <environment>1</environment>
    </Snippets>
    <Snippets>
      <Text>fill</Text>
      <environment>1</environment>
    </Snippets>
    <Snippets>
      <Text>font</Text>
      <environment>1</environment>
    </Snippets>
    <Snippets>
      <Text>anchor</Text>
      <environment>1</environment>
    </Snippets>
    <Snippets>
      <Text>circle</Text>
      <environment>1</environment>
    </Snippets>
     <Snippets>
      <Text>line width</Text>
      <environment>1</environment>
    </Snippets>
    <Snippets>
      <Text>outer sep</Text>
      <environment>1</environment>
      <Description>The spacing around the element.</Description>
    </Snippets>
    <Snippets>
      <Text>inner sep</Text>
      <environment>1</environment>
      <Description>The spacing around the text inside the element.</Description>
    </Snippets>
    <Snippets>
      <Text>shape</Text>
      <environment>1</environment>
      <Description></Description>
    </Snippets>
    <Snippets>
      <Text>rectangle split parts</Text>
      <environment>1</environment>
      <Description></Description>
    </Snippets>
    <Snippets>
      <Text>regular polygon sides</Text>
      <environment>1</environment>
      <Description></Description>
    </Snippets>
    <Snippets>
      <Text>align</Text>
      <environment>1</environment>
      <Description></Description>
    </Snippets><Snippets>
      <Text>text</Text>
      <environment>1</environment>
      <Description></Description>
    </Snippets>
	<Snippets>
      <Text>text width</Text>
      <environment>1</environment>
      <Description></Description>
    </Snippets>
    <Snippets>
      <Text>xscale</Text>
      <environment>1</environment>
      <Description>Scaling of coordinates in x direction.</Description>
    </Snippets>
    <Snippets>
      <Text>yscale</Text>
      <environment>1</environment>
      <Description>Scaling of coordinates in y direction.</Description>
    </Snippets>
    <Snippets>
      <Text>scale</Text>
      <environment>1</environment>
      <Description>Scaling of coordinates in x and y direction.</Description>
    </Snippets>
    <Snippets>
      <Text>shift</Text>
      <environment>1</environment>
      <Description>A translation in x and y direction by some amount. Example: shift={(1,1)}.</Description>
    </Snippets>
    <Snippets>
      <Text>xshift</Text>
      <environment>1</environment>
      <Description>Translation in x direction.</Description>
    </Snippets>
    <Snippets>
      <Text>yshift</Text>
      <environment>1</environment>
      <Description>Translation in y direction.</Description>
    </Snippets>
  </Environments>
  
  <!-- Environment for \begin{ ***** } commands -->
  <Environments>
    <StartTag>\\begin\s*\{</StartTag>
    <EndTag>\}</EndTag>
    <ID>0</ID>
    <Snippets>
      <Text>tikzpicture</Text>
      <environment>0</environment>
      <Description>A Tikz picture environment. The document should contain exactly one.</Description>
    </Snippets>
    <Snippets>
      <Text>scope</Text>
      <environment>0</environment>
    </Snippets>
    <Snippets>
      <Text>document</Text>
      <environment>0</environment>
    </Snippets>
  </Environments>

  <Environments>
    <StartTag>(fill|draw|text)\s*=</StartTag>
    <EndTag>(,|\])</EndTag>
    <ID>2</ID>
    <Snippets>
      <Text>red</Text>
      <environment>2</environment>
    </Snippets>
    <Snippets>
      <Text>green</Text>
      <environment>2</environment>
    </Snippets>
    <Snippets>
      <Text>blue</Text>
      <environment>2</environment>
    </Snippets>
    <Snippets>
      <Text>yellow</Text>
      <environment>2</environment>
    </Snippets>
    <Snippets>
      <Text>white</Text>
      <environment>2</environment>
    </Snippets>
    <Snippets>
      <Text>gray</Text>
      <environment>2</environment>
    </Snippets>
    <Snippets>
      <Text>black</Text>
      <environment>2</environment>
    </Snippets>
  </Environments>
  
  <Environments>
    <StartTag>\\</StartTag>
    <EndTag>\{</EndTag>
    <ID>3</ID>
		<Snippets>
      <Text>node</Text>
      <environment>3</environment>
    </Snippets>
    <Snippets>
      <Text>nodepart{lower}</Text>
      <environment>3</environment>
    </Snippets>
    <Snippets>
      <Text>draw</Text>
      <environment>3</environment>
    </Snippets>
    
    <Snippets>
      <Text>begin</Text>
      <environment>3</environment>
    </Snippets>
    <Snippets>
      <Text>tikzstyle</Text>
      <environment>3</environment>
      <Description>Defines a style: \tikzstyle{mystyle}=[draw, fill]</Description>
    </Snippets>
    <Snippets>
      <Text>usetikzlibrary</Text>
      <environment>3</environment>
    </Snippets>   
    <Snippets>
      <Text>input</Text>
      <environment>3</environment>
    </Snippets>
    
    <Snippets>
      <Text>useasboundingbox</Text>
      <environment>3</environment>
    </Snippets>
  </Environments>
  
 	<Environments>
    <StartTag>shape=</StartTag>
    <EndTag>(,|\])</EndTag>
    <ID>4</ID>
    <Snippets>
      <Text>arrow box</Text>
      <environment>4</environment>
    </Snippets>
    <Snippets>
      <Text>cloud</Text>
      <environment>4</environment>
    </Snippets>
    <Snippets>
      <Text>cloud callout</Text>
      <environment>4</environment>
    </Snippets>
    <Snippets>
      <Text>chamfered rectangle</Text>
      <environment>4</environment>
    </Snippets>
    <Snippets>
      <Text>circle</Text>
      <environment>4</environment>
    </Snippets>
    <Snippets>
      <Text>circle split</Text>
      <environment>4</environment>
    </Snippets>
    <Snippets>
      <Text>circle solidus</Text>
      <environment>4</environment>
    </Snippets>
    <Snippets>
      <Text>circular sector</Text>
      <environment>4</environment>
    </Snippets>
    <Snippets>
      <Text>cross out</Text>
      <environment>4</environment>
    </Snippets>
    <Snippets>
      <Text>cylinder</Text>
      <environment>4</environment>
    </Snippets>
    <Snippets>
      <Text>dart</Text>
      <environment>4</environment>
    </Snippets>
    <Snippets>
      <Text>diamond</Text>
      <environment>4</environment>
    </Snippets>
    <Snippets>
      <Text>double arrow</Text>
      <environment>4</environment>
    </Snippets>
    <Snippets>
      <Text>ellipse</Text>
      <environment>4</environment>
    </Snippets>
    <Snippets>
      <Text>ellipse callout</Text>
      <environment>4</environment>
    </Snippets>
    <Snippets>
      <Text>ellipse split</Text>
      <environment>4</environment>
    </Snippets>
    <Snippets>
      <Text>forbidden sign</Text>
      <environment>4</environment>
    </Snippets>
    <Snippets>
      <Text>isosceles triangle</Text>
      <environment>4</environment>
    </Snippets>
    <Snippets>
      <Text>kite</Text>
      <environment>4</environment>
    </Snippets>
    <Snippets>
      <Text>magnifying glass</Text>
      <environment>4</environment>
    </Snippets>
    <Snippets>
      <Text>rectangle</Text>
      <environment>4</environment>
    </Snippets>
    <Snippets>
      <Text>rectangle callout</Text>
      <environment>4</environment>
    </Snippets>
     <Snippets>
      <Text>rectangle split</Text>
      <environment>4</environment>
    </Snippets>
    <Snippets>
      <Text>regular polygon</Text>
      <environment>4</environment>
    </Snippets>
    <Snippets>
      <Text>rounded rectangle</Text>
      <environment>4</environment>
    </Snippets>
    <Snippets>
      <Text>semicircle</Text>
      <environment>4</environment>
    </Snippets>
    <Snippets>
      <Text>signal</Text>
      <environment>4</environment>
    </Snippets>
    <Snippets>
      <Text>single arrow</Text>
      <environment>4</environment>
    </Snippets>
    <Snippets>
      <Text>star</Text>
      <environment>4</environment>
    </Snippets>
    <Snippets>
      <Text>starbust</Text>
      <environment>4</environment>
    </Snippets>
    <Snippets>
      <Text>strike out</Text>
      <environment>4</environment>
    </Snippets>
    <Snippets>
      <Text>tape</Text>
      <environment>4</environment>
    </Snippets>
    <Snippets>
      <Text>trapezium</Text>
      <environment>4</environment>
    </Snippets>
  </Environments>
  
  <Environments>
    <StartTag>font=</StartTag>
    <EndTag>(,|\])</EndTag>
    <ID>5</ID>
    <Snippets>
      <Text>\itshape</Text>
      <environment>5</environment>
    </Snippets>
    <Snippets>
      <Text>\bfseries</Text>
      <environment>5</environment>
    </Snippets>
    <Snippets>
      <Text>\footnotesize</Text>
      <environment>5</environment>
    </Snippets>
    <Snippets>
      <Text>\large</Text>
      <environment>5</environment>
    </Snippets>
    <Snippets>
      <Text>\Large</Text>
      <environment>5</environment>
    </Snippets>
    <Snippets>
      <Text>\LARGE</Text>
      <environment>5</environment>
    </Snippets>
    <Snippets>
      <Text>\huge</Text>
      <environment>5</environment>
    </Snippets>
    <Snippets>
      <Text>\Huge</Text>
      <environment>5</environment>
    </Snippets>
    <Snippets>
      <Text>\HUGE</Text>
      <environment>5</environment>
    </Snippets>
    <Snippets>
      <Text>\small</Text>
      <environment>5</environment>
    </Snippets>
    <Snippets>
      <Text>\tiny</Text>
      <environment>5</environment>
    </Snippets>
  </Environments>
  
  <Environments>
    <StartTag>anchor=</StartTag>
    <EndTag>(,|\])</EndTag>
    <ID>6</ID>
	<Snippets>
      <Text>north</Text>
      <environment>6</environment>
    </Snippets>
	<Snippets>
      <Text>north east</Text>
      <environment>6</environment>
    </Snippets>
	<Snippets>
      <Text>north west</Text>
      <environment>6</environment>
    </Snippets><Snippets>
      <Text>south</Text>
      <environment>6</environment>
    </Snippets>
	<Snippets>
      <Text>south east</Text>
      <environment>6</environment>
    </Snippets>
	<Snippets>
      <Text>south west</Text>
      <environment>6</environment>
    </Snippets>
	<Snippets>
      <Text>west</Text>
      <environment>6</environment>
    </Snippets>
	<Snippets>
      <Text>east</Text>
      <environment>6</environment>
    </Snippets>
  </Environments>
  
  <Environments>
    <StartTag>align=</StartTag>
    <EndTag>(,|\])</EndTag>
    <ID>7</ID>
	<Snippets>
      <Text>center</Text>
      <environment>7</environment>
    </Snippets>
	<Snippets>
      <Text>left</Text>
      <environment>7</environment>
    </Snippets>
	<Snippets>
      <Text>right</Text>
      <environment>7</environment>
    </Snippets>
	<Snippets>
      <Text>justify</Text>
      <environment>7</environment>
    </Snippets>
	<Snippets>
      <Text>flush center</Text>
      <environment>7</environment>
    </Snippets>
	<Snippets>
      <Text>flush left</Text>
      <environment>7</environment>
    </Snippets>
	<Snippets>
      <Text>flush right</Text>
      <environment>7</environment>
    </Snippets>
	<Snippets>
      <Text>none</Text>
      <environment>7</environment>
    </Snippets>
	
  </Environments>
    
  <Triggers>
    <Trigger>.</Trigger>
  </Triggers>
  <Triggers>
    <Trigger>{</Trigger>
  </Triggers>
  <Triggers>
    <Trigger>[</Trigger>
  </Triggers>
  <Triggers>
    <Trigger>\</Trigger>
  </Triggers>
</CompletionDS>